<?xml version="1.0"?>
<queXMLPDFStyle>
  <QuestionnaireInfoMargin>5</QuestionnaireInfoMargin>
  <SingleResponseHorizontalHeight>10.5</SingleResponseHorizontalHeight>
  <SingleResponseAreaHeight>9</SingleResponseAreaHeight>
  <BackgroundColourQuestion>255</BackgroundColourQuestion>
  <BackgroundColourSection>255</BackgroundColourSection>
  <AllowSplittingSingleChoiceVertical>false</AllowSplittingSingleChoiceVertical>
  <AllowSplittingSingleChoiceHorizontal>false</AllowSplittingSingleChoiceHorizontal>
  <AllowSplittingVas>false</AllowSplittingVas>
  <AllowSplittingMatrixText>false</AllowSplittingMatrixText>
  <AllowSplittingResponses>true</AllowSplittingResponses>
  <SectionHeight>18</SectionHeight>
  <ResponseLabelFontSize>7.5</ResponseLabelFontSize>
  <ResponseLabelFontSizeSmall>6.5</ResponseLabelFontSizeSmall>
  <ResponseTextFontSize>10</ResponseTextFontSize>
  <Style>        td.questionTitle {font-weight:bold; font-size:12pt;}&#xD;
        td.questionTitleSkipTo {font-weight:bold; font-size:16pt;}&#xD;
        td.questionText {font-weight:bold; font-size:12pt;}&#xD;
        td.questionSpecifier {font-weight:normal; font-size:12pt;}&#xD;
        td.vasLabel {font-weight:bold; font-size:10pt; text-align:center;}&#xD;
        td.questionHelp {font-weight:normal; text-align:right; font-style:italic; font-size:8pt;}&#xD;
        td.questionHelpAfter {text-align:center; font-weight:bold; font-size:10pt;}&#xD;
        td.questionHelpBefore {text-align:center; font-weight:bold; font-size:12pt;}&#xD;
        td.responseAboveText {font-weight:normal; font-style:normal; text-align:left; font-size:12pt;}&#xD;
        td.matrixResponseGroupLabel {font-weight:normal; font-style:normal; text-align:left; font-size:12pt;}&#xD;
        span.sectionTitle {font-size:18pt; font-weight:bold;}&#xD;
        span.sectionDescription {font-size:14pt; font-weight:bold;}&#xD;
        div.sectionInfo {font-style:normal; font-size:10pt; text-align:left; font-weight:normal;}&#xD;
        td.questionnaireInfo {font-size:14pt; text-align:center; font-weight:bold;}&#xD;
       </Style>
  <CornerLines>false</CornerLines>
  <CornerBoxes>true</CornerBoxes>
  <EdgeDetectionFormat>boxes</EdgeDetectionFormat>
  <PageFormat>A4</PageFormat>
  <PageOrientation>P</PageOrientation>
</queXMLPDFStyle>
